style_name,keywords,description,enabled,scope
"米白扁平信息卡","教育,升学,学校,小学,中学,择校,考研,专业,课程,政策,要点,清单,攻略,风险提醒,班型,师资,招生","米白色背景低饱和扁平插画，墨绿/灰绿色系，黑色粗黑体大标题居上，圆形线性图标配圆角卡片清单，点缀植物枝叶与几何曲线装饰，大量留白，杂志式信息图排版；插画元素按该页文案主题抽象绘制，图中文字总量克制、只用标准黑体不变形","true","public"
"杂志风产品对比卡","手机,数码,平板,手表,手环,耳机,家电,汽车,电动车,显卡,跑鞋,剃须刀,对比,测评,选购,怎么选","浅奶油色或浅藕紫渐变纯色背景（可选摄影棚弧形墙面或石质台面），对比双方以高精度写实渲染左右对称，柔和影棚光与地面轻微倒影，中央大号VS字样，顶部超大粗黑标题加副标题加胶囊标签，中部栏目标签行做杂志目录式分栏，参数用细线刻度条标注，关键信息暖橘强调，底部一句话结论条，留白五成；无对比双方时以单品主体居中替代，对比对象按该页文案主题确定；文字总量克制、标准黑体不变形","true","public"
"中轴双栏对比卡","对比,vs,哪个好,择校对比,学校对比,方案对比,价格对比,优劣","画面沿中轴线左右对称分割为双色阵营（墨绿对藏蓝或绿对橙，均低饱和），双方各配写实场景图与图标要点列表，中央放VS或路标罗盘等对比符号，米白底黑体标题，信息图式排版；对比双方按该页文案主题确定，文字总量克制、笔画清晰不变形","true","public"
"写实生活场景卡","美食,菜谱,食材,做法,园艺,养花,生活妙招,科普,健康,养殖,种植,饮品,配方,甜品,炖汤,茶饮,冲饮","奶油米或浅米黄低饱和暖底的写实摄影卡，棚拍柔光或自然光，浅景深虚化，实景照片用圆角矩形大图裁切占约半版，主体置于画面下半部或右侧，顶部大标题（粗黑体）配副标题，要点前配统一小圆图标，暖棕细分隔线与圆角卡片边框，关键信息暖橘强调，温暖治愈；摄影主体按该页文案主题确定，图中文字总量克制、标准黑体不变形","true","public"
"航拍风光旅行卡","旅游,自驾,路线,城市,宜居,景点,行程,风光,户外","写实航拍/高空俯拍风光大图占画面约三分之二（场景按该页文案主题确定，城市/公路/田园/山水均可），其余为奶白或浅米黄纸张感标题区，图与文字区以弧形曲线分割并配细金线或暖棕细线过渡，黑色/深棕粗体大标题加副标题，可少量点缀手账风贴纸/胶带元素（不喧宾夺主），清爽旅行杂志感；文字总量克制、笔画清晰","true","public"
"水彩绘本插画卡","规划,前景,路径,就业方向,人生选择,成长,目标,愿景","柔和水彩质感插画：蜿蜒道路/阶梯/河流等引向远方的意象构图，画面散布与该页文案主题呼应的隐喻小物，蓝灰金或青绿淡雅色调，标题下配要点短句，梦幻留白构图；文字总量克制，手写感标题也需笔画清晰可辨不变形","true","public"
"写实静物家居卡","家居,收纳,洗护,母婴,厨房,百货,生活用品,好物","米白/浅木色真实场景中的静物单品海报：单一主体大图居中或偏置，自然窗光影，画面上三分之一为纯色标题区（黑体主标题+副标题+彩色小标签），图与文字以弧线自然衔接，不堆要点列表、每页只讲一个信息点，色调温暖低饱和；静物主体按该页文案主题确定，文字总量克制、标准黑体不变形","true","public"
"深色科技风","性价比,千元机,跑分,参数,快充,电池,电竞,游戏手机,旗舰,测评","炭黑或深灰近黑背景，琥珀橙高亮价格与重点数字，青蓝渐变霓虹光斑，主体以3D渲染小图呈现于圆角参数卡片内竖排堆叠，配线性小图标，粗黑体大标题加无衬线数字，细线分割，硬核测评感、干净利落；主体按该页文案主题确定（产品/设备/物件均可3D化），文字总量克制、白字笔画清晰不糊","true","public"
"科技产品渲染卡","芯片,处理器,AI,5G,科技,游戏,电竞,性能,算力","冷灰蓝或淡银灰纯色背景（不用米色系），主体以高精度写实3D渲染呈现、柔和影棚光、地面轻微倒影，参数要点以细线刻度条与数据卡片罗列，顶部超大粗黑标题，低饱和冷色调、大量留白，真实可信的棚拍质感；渲染主体按该页文案主题确定，文字总量克制、标准黑体不变形","true","public"
"手写暖心科普卡","宠物,猫,狗,喝水,情绪,心理,治愈,冷知识,习惯,陪伴","奶油米色背景，顶部写实摄影图（自然光，主体按该页文案主题确定），圆润手写体感大标题（笔画清晰可辨不变形），要点装在白色圆角标签内逐条排列，深绿强调色配深棕黑体正文，留白充足，温馨手作感而不花哨","true","public"
"新中式史料卡","历史,朝代,古代,文物,条约,战役,历史人物,诗人,诗词,古文,成语,典故,王朝,皇帝,考古,传统文化,节气,非遗,书法,国画,名句,边塞,文化,民俗,博物馆,古建,国风","米黄宣纸底带细腻纸纹或做旧斑驳质感，墨色书法感粗黑体大标题（横竖排均可），朱砂红与黛青双色点缀，朱红只用于印章、关键数字与关键词强调；主题图用水墨淡彩、工笔白描或做旧老照片质感（题材按该页文案确定），叠一枚朱红方形印章点题，细回纹或祥云线做分隔，留白取法中式册页；文字总量克制、笔画清晰，整体沉静古雅像装帧考究的读物内页","true","public"
"政务办事指南卡","办事,证件,身份证,护照,社保,公积金,五险,一金,申领,补贴,户口,落户,驾照,登记,流程,手续,窗口,证明,医保,纳税,退税,投诉,维权,举报,理赔,客服,退货,退款,黑名单,封号,政策,咨询","浅蓝灰或米白干净底色，深藏青粗黑体大标题（单行可占版宽八成），红色只用于关键数字与硬条件；标题下一条藏青横幅细条写白字硬道理（一句利落判断句），蓝色圆形数字序号章引导步骤要点，关键词用浅橙或浅红荧光底块标注；配图（按该页文案主题确定的实景或示意场景）压圆角相框置版面一角，步骤间虚线箭头串联，尾页可做两栏「能/不能」绿对勾红叉速查对比；文字总量克制、标准黑体不变形，像设计精良的官方指南","true","public"
"胶片摄影随笔卡","生活记录,日常,随想,情感,故事,回忆,慢生活,咖啡馆,旅行见闻,城市漫步","柯达暖调胶片色（暖黄高光、微青阴影）配轻微颗粒感，实拍场景大图带暗角（场景按该页文案主题确定），文字区像相纸留白边，手写体感小注点缀，标题用衬线粗宋或复古黑体，胶片齿孔或相纸撕边做装饰细节；文字总量克制、笔画清晰，整体像一本摄影随笔集内页","true","public"
"黑板报手绘卡","学生,校园,开学,考试,学习方法,班会,青少年,暑假,寒假,作业,辅导,小学,中学","深墨绿或深灰蓝黑板底色带粉笔灰痕迹，粉笔白与彩色粉笔（鹅黄/粉蓝/浅粉）手写标题与简笔画插画（元素按该页文案主题绘制），文字像板书带轻微笔触感但笔画清晰可辨，边框用粉笔波浪线或彩旗几何装饰，配简笔画小图案，活泼但版面工整；文字总量克制","true","public"
"报刊杂志排版卡","新闻,时事,行业,职场,商业,趋势,访谈,深度,评论,财经观察","米白报纸底色配细密分栏网格，黑色衬线大标题如报头，栏目细黑直线分栏，首字下沉排版点缀，配黑白纪实或单色调图片（内容按该页文案主题确定），红色只用于一处点睛（日期戳或重点词下划线）；严格限制图中文字总量（报头标题+要点短句，不做大段正文），整体像高质量周日报纸文化版","true","public"
"3D粘土萌趣卡","母婴,育儿,亲子,玩具,零食,宠物,卡通,萌宠,儿童,辅食,好物","奶油白或淡鹅黄柔和底色，主体用3D粘土质感萌趣小物（圆润造型、哑光细腻、软糯高光，造型按该页文案主题确定），大圆角卡片配糖果色低饱和撞色（奶黄/薄荷/浅珊瑚），圆体感粗标题（笔画清晰不变形），云朵星星圆点做散点装饰；文字总量克制，整体萌而不幼稚","true","public"
"蓝图工程线稿卡","装修,水电,户型,收纳,工具,DIY,汽车保养,机械,安装,维修,参数","深青蓝图纸底色配白色制图线稿，等距轴测插画风格的主体线图（主体按该页文案主题确定：设备/户型/流程物件均可线稿化），虚线标注线加尺寸箭头，标题用仿手绘工程字白色粗体（笔画清晰不糊），标注文字配细线引出且严格控制字数（只标3-5个要点短词），网格淡纹铺底，四角图纸角标；整体像精心绘制的工程蓝图","true","public"
"极简瑞士网格卡","效率,方法论,职场技能,时间管理,思维,清单,自律,笔记,学习博主,干货","净白偏暖底色大面积留白，黑色粗无衬线大标题左对齐，内容按严格网格排布，红或克莱因蓝仅一处色块点睛，信息层级全靠字号字重与缩进区分，细黑分隔线，可配单色几何图形（圆/三角/方块）；文字总量极克制（标题+不超过4条短句），标准黑体不变形，克制到极致的现代主义版式","true","public"
"复古港风海报卡","美食探店,老字号,街拍,粤语,茶餐厅,市井,怀旧,城市记忆,夜市","饱和暖调撞色（砖红/芥黄/墨绿/奶白），大字报式粗宋或美术黑体标题可做轻微软立体（笔画清晰不变形），配怀旧街景/招牌/市井场景实拍质感图（场景按该页文案主题确定），粗细双线框，色块几何分割版面，可点缀美术字印章与老式价目牌元素；文字总量克制，市井烟火气与海报感并存","true","public"
"夜色霓虹城市卡","夜生活,清吧,酒吧,演出,城市探索,露营夜话,星空,灯光,夜市,氛围感","深藏青或炭黑夜色底（文字区必须用浅色卡片承托保证可读），霓虹灯管质感标题（粉紫/青蓝渐变发光但文字笔画清晰不变形），夜景/霓虹/暗调场景实拍质感图（按该页文案主题确定），光斑散景点缀，细发光线条分隔；文字总量克制，夜色氛围但版面干净","true","public"
"医疗健康白净卡","健康,体检,就医,用药,疾病,预防,营养,睡眠,心理,康复,医学知识,医生","纯度极低的雾白配淡青或医疗蓝点缀，圆角卡片分区如报告折页般清爽，单色细线图标点缀，标题用干净微圆润黑体，数据用简洁图表化呈现（细横条/圆环），留白充足；图示元素按该页文案主题确定，文字总量克制、标准字体不变形，专业可信不冰冷","true","public"
"户外装备实拍卡","露营,徒步,骑行,钓鱼,装备,球类,健身,运动鞋,运动,户外,自驾装备","自然粗粝质感：晨雾山林/溪流营地/旷野实拍大图（场景按该页文案主题确定），军绿/大地色/落日橙配色，标题用硬朗粗黑体可做模板切割感（笔画清晰），主体用平铺俯拍构图带使用痕迹的真实质感，细节标注用细线加小标签（每页不超过3条短词）；文字总量克制，像专业户外杂志内页","true","public"
"素描铅笔手账卡","读书,笔记,自我提升,手账,绘画,乐器,兴趣,副业,个人成长,经验分享","米白纸面带轻微铅笔灰调，手绘铅笔线稿插画（排线阴影质感，元素按该页文案主题绘制），标题用清秀手写体感黑体加下划波浪线（笔画清晰），纸胶带/回形针/咖啡渍做手账装饰，要点像笔记摘抄配铅笔圈划重点；文字总量克制，整体像认真记录的MUJI风手账本","true","public"
"财经商务深蓝卡","理财,基金,存钱,房产,贷款,保险,行业分析,创业,副业收入,经济","深海军蓝或藏青主底配浅色卡片承托文字，金色或香槟金细线与关键数字强调，标题用端正粗黑体白字（笔画清晰不糊），数据用细线柱状/折线图表呈现（图表只画骨架不堆字），配城市天际线或商务场景暗调实拍图；文字总量克制，版式如投行研报，克制稳重有信任感","true","public"
"雾蓝知性卡","知识,科普,读书,观点,深度,职场,心理,法律,咨询","雾蓝灰与米白双色分区底，竖版书页式排版：顶部细线框内衬线宋体大标题，正文要点用编号短句配细线分隔，配图用低饱和冷调摄影或线描插画（主体按该页文案主题确定），黛蓝印章式小方块点缀页脚；安静知性的杂志专栏感，文字总量克制、标准字体不变形","true","public"
"薄荷清新卡","清新,生活方式,轻科普,绿植,居家,好物,饮品,健康","薄荷绿与净白双色清爽底，圆角卡片式信息分区，细线描边小图标与叶片散点装饰，配图用高明度自然光实拍或扁平插画（主体按该页文案主题确定），标题用圆润粗黑体墨绿字，关键信息用薄荷绿底白字胶囊强调；留白充足、文字总量克制、标准字体不变形，像新消费品牌的清新产品折页","true","public"
"孟菲斯几何撞色卡","年轻,潮流,活动,创意,职场,学习,好物,新品","净白或浅灰底上大胆几何撞色（明黄/钴蓝/珊瑚红/黑），孟菲斯风格散点、波浪线、三角圆点装饰，主体用扁平插画或3D小元素呈现（按该页文案主题确定），超大粗黑标题可斜切排布，色块卡片承载要点；活泼有张力但每页颜色不超过四种，文字总量克制、笔画清晰不变形","true","public"
"时尚街拍杂志卡","穿搭,时尚,美妆,生活方式,探店,好物,街拍","黑白灰为主的高级灰调，街拍/棚拍写实大图占半版以上（主体按该页文案主题确定），超大衬线或极粗黑体标题可跨图排版，细黑线与大量留白分割信息区，点缀一处亮色（正红或明黄）小标签，版式如时尚杂志内页；文字总量克制（标题+3条以内短句）、字体标准不变形","true","public"
"浅青3D场景卡","科技,专业,职业,规划,城市,智能,工程,科普","浅青白高明度底，3D微缩场景插画（城市/园区/设备按该页文案主题建模，哑光柔和材质、青绿+白+浅金配色），要点用圆形描边图标加圆角胶囊条竖排居中，细光线连接点缀，大标题用青墨绿粗黑体居上；文字总量克制、标准字体不变形，通透的未来感科普折页","true","public"
"暗夜对决对比卡","对比,对决,VS,电竞,游戏,性能,测评,旗舰,手机,数码","上下分割构图：上半浅灰白标题区（极粗黑体大标题，红黑或红蓝撞色，标题下细线加小对勾装饰），下半深色电路板纹理地面配红蓝渐变光带；对比双方以写实渲染对峙置于发光能量舱或玻璃罩内（左暖红右冷蓝），各自下方配一句短结论；对比主体按该页文案主题确定，文字总量克制、笔画清晰不变形，电竞对决张力感","true","public"
